"filename", "language", "Markdown", "comment", "blank", "total"
"e:\D\hugo\meta_linage\content\post\Blog更改日志.md", "Markdown", 220, 1, 69, 290
"e:\D\hugo\meta_linage\content\post\Cas蛋白\Cas蛋白.md", "Markdown", 93, 0, 40, 133
"e:\D\hugo\meta_linage\content\post\ENA下载FASTQ文件.md", "Markdown", 43, 0, 13, 56
"e:\D\hugo\meta_linage\content\post\Perl\index.md", "Markdown", 254, 0, 50, 304
"e:\D\hugo\meta_linage\content\post\Python_TF.md", "Markdown", 25, 0, 6, 31
"e:\D\hugo\meta_linage\content\post\Python_pandas.md", "Markdown", 42, 0, 11, 53
"e:\D\hugo\meta_linage\content\post\RNA-seq.md", "Markdown", 155, 0, 54, 209
"e:\D\hugo\meta_linage\content\post\mcmctree定年.md", "Markdown", 105, 0, 36, 141
"e:\D\hugo\meta_linage\content\post\vggface_pytorch完全指南.md", "Markdown", 194, 0, 45, 239
"e:\D\hugo\meta_linage\content\post\变分自编码器.md", "Markdown", 125, 0, 84, 209
"e:\D\hugo\meta_linage\content\post\如何3D打印自己的大脑.md", "Markdown", 97, 1, 31, 129
"e:\D\hugo\meta_linage\content\post\实分析笔记.md", "Markdown", 34, 0, 7, 41
"e:\D\hugo\meta_linage\content\post\抽象艺术-chaotica软件.md", "Markdown", 45, 0, 29, 74
"e:\D\hugo\meta_linage\content\post\生成对抗网络.md", "Markdown", 20, 0, 3, 23
"e:\D\hugo\meta_linage\content\post\生物信息学复习.md", "Markdown", 24, 0, 4, 28
"e:\D\hugo\meta_linage\content\post\生物信息学实验-转录组分析.md", "Markdown", 408, 0, 63, 471
"e:\D\hugo\meta_linage\content\post\神经可塑性.md", "Markdown", 367, 0, 60, 427
"e:\D\hugo\meta_linage\content\post\神经生物和计算神经英文名词.md", "Markdown", 217, 0, 27, 244
"e:\D\hugo\meta_linage\content\post\缘起-为什么建这个博客.md", "Markdown", 21, 0, 7, 28
"e:\D\hugo\meta_linage\content\post\计算神经生物笔记.md", "Markdown", 60, 0, 21, 81
"e:\D\hugo\meta_linage\content\post\重装电脑导致matlab遇到的二三事.md", "Markdown", 62, 0, 17, 79
"e:\D\hugo\meta_linage\content\post\集成学习.md", "Markdown", 17, 0, 1, 18
"e:\D\hugo\meta_linage\content\post\面孔识别毕设实践笔记.md", "Markdown", 275, 0, 75, 350
"Total", "-", 2903, 2, 753, 3658